variable,count,mean,std,min,25%,50%,75%,max,original
dummy1,1000.0,-0.0002610592370891889,0.009677072151385777,-0.0347828207539002,-0.006744894753260375,-0.0004029006015047,0.006564967994820225,0.0287316053064188,-0.0165616628243974
dummy2,1000.0,-0.0004205195447657132,0.011057043940773911,-0.0343939215799338,-0.0075094238475238995,-0.00080937420191945,0.006970138670244075,0.0307917001570869,-0.0031503005435951
x1,1000.0,-0.20829440248180964,2.948417843499201,-8.378744635995035,-2.04130085676852,-0.2398442704513996,1.5923710551884287,28.206351671252577,28.206351671252577
x2,1000.0,0.021228752891556013,8.073081540199256,-22.2765403682952,-5.019648167851196,-0.06788650839335415,5.250469189764085,75.04922473075533,75.04922473075533
x3,1000.0,0.0530581423161903,1.8942804031836689,-5.540196418010936,-1.2163472799116313,0.1014938569662895,1.3169980134106338,17.752598012672152,17.752598012672152
